month	year	value
1	1	-0.05
1	2	-0.07
1	3	0.09
1	4	-0.27
1	5	-0.23
1	6	-0.44
1	7	-0.18
1	8	-0.52
1	9	-0.32
1	10	-0.02
1	11	-0.32
1	12	-0.38
1	13	-0.22
1	14	-0.71
1	15	-0.41
1	16	-0.43
1	17	-0.14
1	18	-0.12
1	19	0
1	20	-0.13
1	21	-0.32
1	22	-0.13
1	23	-0.11
1	24	-0.24
1	25	-0.6
1	26	-0.35
1	27	-0.14
1	28	-0.37
1	29	-0.37
1	30	-0.58
1	31	-0.35
1	32	-0.55
1	33	-0.27
1	34	-0.35
1	35	0.11
1	36	-0.15
1	37	-0.13
1	38	-0.53
1	39	-0.33
1	40	-0.23
1	41	-0.2
1	42	-0.08
1	43	-0.31
1	44	-0.24
1	45	-0.22
1	46	-0.4
1	47	0.13
1	48	-0.23
1	49	-0.08
1	50	-0.49
1	51	-0.34
1	52	-0.03
1	53	0.15
1	54	-0.28
1	55	-0.3
1	56	-0.28
1	57	-0.27
1	58	-0.18
1	59	0.02
1	60	-0.11
1	61	0.01
1	62	0.27
1	63	0.3
1	64	-0.03
1	65	0.39
1	66	0.17
1	67	0.25
1	68	-0.16
1	69	0.07
1	70	0.12
1	71	-0.29
1	72	-0.28
1	73	0.13
1	74	0.09
1	75	-0.2
1	76	0.14
1	77	-0.14
1	78	-0.09
1	79	0.32
1	80	0.15
1	81	0.04
1	82	0.13
1	83	0.12
1	84	0.06
1	85	0.01
1	86	-0.07
1	87	-0.05
1	88	-0.09
1	89	-0.2
1	90	-0.09
1	91	0.14
1	92	0
1	93	-0.25
1	94	0.28
1	95	-0.19
1	96	0.11
1	97	-0.02
1	98	0.13
1	99	0.16
1	100	0.15
1	101	0.33
1	102	0.51
1	103	0.14
1	104	0.52
1	105	0.29
1	106	0.22
1	107	0.31
1	108	0.32
1	109	0.56
1	110	0.17
1	111	0.36
1	112	0.42
1	113	0.46
1	114	0.36
1	115	0.27
1	116	0.56
1	117	0.25
1	118	0.34
1	119	0.6
1	120	0.51
1	121	0.34
1	122	0.47
1	123	0.71
1	124	0.71
1	125	0.61
1	126	0.65
1	127	0.5
1	128	0.91
1	129	0.27
1	130	0.6
1	131	0.73
1	132	0.46
1	133	0.44
1	134	0.62
1	135	0.69
1	136	0.83
1	137	1.12
1	138	0.97
1	139	0.75
1	140	0.93
1	141	1.13
1	142	0.77
2	1	-0.14
2	2	-0.06
2	3	0.02
2	4	-0.35
2	5	-0.18
2	6	-0.29
2	7	-0.32
2	8	-0.46
2	9	-0.27
2	10	0.04
2	11	-0.33
2	12	-0.54
2	13	-0.12
2	14	-0.61
2	15	-0.24
2	16	-0.4
2	17	-0.11
2	18	-0.09
2	19	-0.28
2	20	-0.32
2	21	-0.07
2	22	-0.08
2	23	-0.05
2	24	-0.09
2	25	-0.56
2	26	-0.62
2	27	-0.23
2	28	-0.48
2	29	-0.36
2	30	-0.46
2	31	-0.4
2	32	-0.57
2	33	-0.13
2	34	-0.41
2	35	-0.11
2	36	0
2	37	-0.16
2	38	-0.58
2	39	-0.38
2	40	-0.11
2	41	-0.32
2	42	-0.18
2	43	-0.31
2	44	-0.42
2	45	-0.19
2	46	-0.39
2	47	0.03
2	48	-0.19
2	49	-0.16
2	50	-0.57
2	51	-0.23
2	52	-0.22
2	53	-0.17
2	54	-0.32
2	55	-0.08
2	56	0.17
2	57	-0.3
2	58	0.03
2	59	-0.01
2	60	-0.09
2	61	0.13
2	62	0.34
2	63	0.07
2	64	0.11
2	65	0.28
2	66	0.06
2	67	0.14
2	68	-0.07
2	69	-0.1
2	70	-0.14
2	71	-0.23
2	72	-0.39
2	73	0.11
2	74	0.18
2	75	-0.06
2	76	-0.1
2	77	-0.24
2	78	-0.07
2	79	0.22
2	80	0.08
2	81	0.21
2	82	0.2
2	83	0.17
2	84	0.27
2	85	-0.07
2	86	-0.19
2	87	-0.03
2	88	-0.18
2	89	-0.12
2	90	-0.08
2	91	0.24
2	92	-0.19
2	93	-0.15
2	94	0.41
2	95	-0.25
2	96	0.06
2	97	-0.12
2	98	0.26
2	99	0.15
2	100	0.05
2	101	0.39
2	102	0.4
2	103	0.19
2	104	0.49
2	105	0.18
2	106	0.05
2	107	0.3
2	108	0.49
2	109	0.44
2	110	0.3
2	111	0.41
2	112	0.45
2	113	0.43
2	114	0.38
2	115	0.07
2	116	0.73
2	117	0.46
2	118	0.44
2	119	0.87
2	120	0.7
2	121	0.55
2	122	0.41
2	123	0.78
2	124	0.59
2	125	0.73
2	126	0.55
2	127	0.7
2	128	0.68
2	129	0.36
2	130	0.55
2	131	0.79
2	132	0.45
2	133	0.45
2	134	0.66
2	135	0.48
2	136	0.87
2	137	1.26
2	138	1.02
2	139	0.76
2	140	0.85
2	141	1.16
2	142	0.63
3	1	-0.08
3	2	0.05
3	3	0
3	4	-0.17
3	5	-0.28
3	6	-0.24
3	7	-0.28
3	8	-0.22
3	9	-0.28
3	10	0.15
3	11	-0.31
3	12	-0.23
3	13	-0.24
3	14	-0.23
3	15	-0.27
3	16	-0.32
3	17	-0.22
3	18	-0.11
3	19	-0.65
3	20	-0.32
3	21	-0.04
3	22	-0.03
3	23	-0.22
3	24	-0.25
3	25	-0.56
3	26	-0.38
3	27	-0.17
3	28	-0.31
3	29	-0.58
3	30	-0.5
3	31	-0.51
3	32	-0.59
3	33	-0.31
3	34	-0.45
3	35	-0.18
3	36	-0.09
3	37	-0.28
3	38	-0.63
3	39	-0.31
3	40	-0.23
3	41	-0.09
3	42	-0.25
3	43	-0.11
3	44	-0.33
3	45	-0.08
3	46	-0.24
3	47	0.06
3	48	-0.3
3	49	-0.26
3	50	-0.31
3	51	-0.08
3	52	-0.01
3	53	-0.19
3	54	-0.28
3	55	-0.32
3	56	-0.16
3	57	-0.17
3	58	-0.18
3	59	0.04
3	60	-0.17
3	61	0.1
3	62	0.18
3	63	0.15
3	64	-0.03
3	65	0.35
3	66	0.1
3	67	0.02
3	68	0.03
3	69	-0.18
3	70	-0.05
3	71	-0.1
3	72	-0.15
3	73	-0.01
3	74	0.2
3	75	-0.09
3	76	-0.3
3	77	-0.18
3	78	-0.05
3	79	0.15
3	80	0.21
3	81	-0.18
3	82	0.17
3	83	0.16
3	84	-0.02
3	85	-0.16
3	86	-0.09
3	87	0.02
3	88	0.02
3	89	0.15
3	90	0.12
3	91	0.06
3	92	-0.11
3	93	0.03
3	94	0.37
3	95	-0.03
3	96	0.12
3	97	-0.22
3	98	0.31
3	99	0.23
3	100	0.23
3	101	0.28
3	102	0.44
3	103	0.1
3	104	0.42
3	105	0.3
3	106	0.2
3	107	0.29
3	108	0.27
3	109	0.53
3	110	0.35
3	111	0.76
3	112	0.36
3	113	0.44
3	114	0.41
3	115	0.38
3	116	0.5
3	117	0.34
3	118	0.5
3	119	0.67
3	120	0.4
3	121	0.55
3	122	0.64
3	123	0.82
3	124	0.61
3	125	0.7
3	126	0.74
3	127	0.63
3	128	0.66
3	129	0.74
3	130	0.57
3	131	0.87
3	132	0.6
3	133	0.51
3	134	0.66
3	135	0.76
3	136	0.92
3	137	1.30
3	138	1.08
3	139	0.89
3	140	1.09
3	141	1.17
3	142	0.84
4	1	-0.04
4	2	0.07
4	3	-0.14
4	4	-0.19
4	5	-0.27
4	6	-0.28
4	7	-0.18
4	8	-0.25
4	9	-0.12
4	10	0.09
4	11	-0.27
4	12	-0.24
4	13	-0.32
4	14	-0.35
4	15	-0.39
4	16	-0.19
4	17	-0.24
4	18	0.06
4	19	-0.37
4	20	-0.18
4	21	-0.09
4	22	-0.05
4	23	-0.27
4	24	-0.36
4	25	-0.5
4	26	-0.39
4	27	-0.06
4	28	-0.36
4	29	-0.44
4	30	-0.6
4	31	-0.38
4	32	-0.54
4	33	-0.2
4	34	-0.38
4	35	-0.25
4	36	0.04
4	37	-0.26
4	38	-0.47
4	39	-0.44
4	40	-0.06
4	41	-0.19
4	42	-0.21
4	43	-0.16
4	44	-0.38
4	45	-0.23
4	46	-0.18
4	47	-0.13
4	48	-0.25
4	49	-0.24
4	50	-0.33
4	51	-0.2
4	52	-0.13
4	53	-0.03
4	54	-0.21
4	55	-0.27
4	56	-0.29
4	57	-0.17
4	58	-0.13
4	59	0.08
4	60	-0.1
4	61	0.19
4	62	0.28
4	63	0.16
4	64	0.11
4	65	0.25
4	66	0.29
4	67	0.17
4	68	0.06
4	69	-0.05
4	70	-0.02
4	71	-0.18
4	72	-0.08
4	73	0.08
4	74	0.24
4	75	-0.13
4	76	-0.23
4	77	-0.27
4	78	0.02
4	79	0.11
4	80	0.12
4	81	-0.06
4	82	0.15
4	83	0.1
4	84	0.02
4	85	-0.2
4	86	-0.18
4	87	-0.07
4	88	0.01
4	89	-0.07
4	90	0.18
4	91	0.13
4	92	-0.1
4	93	0.07
4	94	0.29
4	95	-0.05
4	96	0.08
4	97	0
4	98	0.29
4	99	0.13
4	100	0.11
4	101	0.33
4	102	0.35
4	103	0.22
4	104	0.29
4	105	0.14
4	106	0.15
4	107	0.26
4	108	0.3
4	109	0.46
4	110	0.29
4	111	0.53
4	112	0.52
4	113	0.3
4	114	0.31
4	115	0.36
4	116	0.45
4	117	0.26
4	118	0.42
4	119	0.76
4	120	0.47
4	121	0.63
4	122	0.58
4	123	0.58
4	124	0.58
4	125	0.6
4	126	0.71
4	127	0.52
4	128	0.72
4	129	0.49
4	130	0.62
4	131	0.85
4	132	0.62
4	133	0.73
4	134	0.58
4	135	0.8
4	136	0.8
4	137	1.12
4	138	0.92
4	139	0.84
4	140	0.96
4	141	1.04
4	142	0.79
5	1	-0.09
5	2	0.04
5	3	-0.13
5	4	-0.15
5	5	-0.22
5	6	-0.3
5	7	-0.18
5	8	-0.25
5	9	-0.15
5	10	-0.01
5	11	-0.38
5	12	-0.17
5	13	-0.26
5	14	-0.32
5	15	-0.34
5	16	-0.27
5	17	-0.12
5	18	0.01
5	19	-0.28
5	20	-0.17
5	21	-0.06
5	22	-0.11
5	23	-0.29
5	24	-0.41
5	25	-0.45
5	26	-0.25
5	27	-0.22
5	28	-0.46
5	29	-0.38
5	30	-0.49
5	31	-0.31
5	32	-0.53
5	33	-0.19
5	34	-0.4
5	35	-0.15
5	36	-0.06
5	37	-0.32
5	38	-0.57
5	39	-0.46
5	40	-0.25
5	41	-0.17
5	42	-0.23
5	43	-0.3
5	44	-0.28
5	45	-0.15
5	46	-0.21
5	47	-0.12
5	48	-0.21
5	49	-0.2
5	50	-0.32
5	51	-0.18
5	52	-0.14
5	53	-0.16
5	54	-0.23
5	55	-0.06
5	56	-0.22
5	57	-0.11
5	58	-0.02
5	59	-0.03
5	60	-0.02
5	61	0.14
5	62	0.28
5	63	0.14
5	64	0.1
5	65	0.25
5	66	0.18
5	67	-0.02
5	68	-0.01
5	69	0.07
5	70	-0.02
5	71	-0.04
5	72	0.07
5	73	0.04
5	74	0.17
5	75	-0.17
5	76	-0.14
5	77	-0.24
5	78	0.13
5	79	0.09
5	80	0.06
5	81	-0.05
5	82	0.17
5	83	0.07
5	84	0.03
5	85	-0.09
5	86	-0.08
5	87	-0.04
5	88	0.15
5	89	-0.09
5	90	0.19
5	91	0.05
5	92	-0.08
5	93	0.02
5	94	0.23
5	95	-0.02
5	96	0.08
5	97	-0.12
5	98	0.26
5	99	0.08
5	100	0.17
5	101	0.36
5	102	0.27
5	103	0.21
5	104	0.31
5	105	0.3
5	106	0.21
5	107	0.26
5	108	0.36
5	109	0.41
5	110	0.28
5	111	0.47
5	112	0.4
5	113	0.32
5	114	0.35
5	115	0.4
5	116	0.37
5	117	0.39
5	118	0.42
5	119	0.7
5	120	0.4
5	121	0.43
5	122	0.61
5	123	0.59
5	124	0.62
5	125	0.44
5	126	0.65
5	127	0.55
5	128	0.6
5	129	0.51
5	130	0.58
5	131	0.77
5	132	0.55
5	133	0.74
5	134	0.68
5	135	0.8
5	136	0.89
5	137	0.94
5	138	0.87
5	139	0.81
5	140	0.86
5	141	0.94
5	142	0.81
6	1	-0.12
6	2	-0.11
6	3	-0.13
6	4	0.01
6	5	-0.25
6	6	-0.31
6	7	-0.25
6	8	-0.24
6	9	-0.12
6	10	-0.07
6	11	-0.29
6	12	-0.19
6	13	-0.3
6	14	-0.27
6	15	-0.37
6	16	-0.28
6	17	-0.09
6	18	-0.07
6	19	-0.19
6	20	-0.26
6	21	-0.04
6	22	-0.07
6	23	-0.3
6	24	-0.38
6	25	-0.44
6	26	-0.24
6	27	-0.15
6	28	-0.37
6	29	-0.37
6	30	-0.46
6	31	-0.34
6	32	-0.47
6	33	-0.22
6	34	-0.38
6	35	-0.19
6	36	-0.14
6	37	-0.39
6	38	-0.39
6	39	-0.35
6	40	-0.28
6	41	-0.25
6	42	-0.17
6	43	-0.27
6	44	-0.23
6	45	-0.2
6	46	-0.23
6	47	-0.1
6	48	-0.19
6	49	-0.27
6	50	-0.35
6	51	-0.13
6	52	-0.02
6	53	-0.19
6	54	-0.25
6	55	-0.03
6	56	-0.19
6	57	-0.14
6	58	0.04
6	59	-0.11
6	60	0
6	61	0.13
6	62	0.25
6	63	0.16
6	64	-0.02
6	65	0.3
6	66	0.14
6	67	-0.14
6	68	0.03
6	69	0
6	70	-0.17
6	71	-0.04
6	72	0.05
6	73	0.05
6	74	0.18
6	75	-0.1
6	76	-0.11
6	77	-0.14
6	78	0.17
6	79	0.08
6	80	0.11
6	81	0.09
6	82	0.15
6	83	0.04
6	84	0.04
6	85	-0.07
6	86	-0.04
6	87	0.07
6	88	-0.03
6	89	-0.03
6	90	0.08
6	91	0.04
6	92	-0.12
6	93	0.07
6	94	0.23
6	95	-0.03
6	96	0.06
6	97	-0.08
6	98	0.27
6	99	0.05
6	100	0.21
6	101	0.26
6	102	0.3
6	103	0.14
6	104	0.3
6	105	0.14
6	106	0.15
6	107	0.24
6	108	0.33
6	109	0.4
6	110	0.26
6	111	0.42
6	112	0.49
6	113	0.27
6	114	0.33
6	115	0.4
6	116	0.46
6	117	0.34
6	118	0.53
6	119	0.72
6	120	0.41
6	121	0.39
6	122	0.55
6	123	0.6
6	124	0.55
6	125	0.48
6	126	0.66
6	127	0.66
6	128	0.55
6	129	0.53
6	130	0.67
6	131	0.74
6	132	0.64
6	133	0.72
6	134	0.69
6	135	0.77
6	136	0.91
6	137	0.92
6	138	0.84
6	139	0.78
6	140	0.95
6	141	0.92
6	142	0.88
7	1	-0.12
7	2	-0.06
7	3	-0.11
7	4	-0.1
7	5	-0.32
7	6	-0.26
7	7	-0.2
7	8	-0.24
7	9	-0.11
7	10	-0.12
7	11	-0.27
7	12	-0.18
7	13	-0.38
7	14	-0.21
7	15	-0.29
7	16	-0.21
7	17	-0.04
7	18	-0.01
7	19	-0.22
7	20	-0.17
7	21	-0.09
7	22	-0.13
7	23	-0.27
7	24	-0.4
7	25	-0.49
7	26	-0.22
7	27	-0.21
7	28	-0.33
7	29	-0.37
7	30	-0.46
7	31	-0.31
7	32	-0.46
7	33	-0.35
7	34	-0.31
7	35	-0.22
7	36	-0.07
7	37	-0.33
7	38	-0.2
7	39	-0.3
7	40	-0.25
7	41	-0.24
7	42	-0.13
7	43	-0.25
7	44	-0.3
7	45	-0.23
7	46	-0.21
7	47	-0.19
7	48	-0.13
7	49	-0.16
7	50	-0.33
7	51	-0.09
7	52	-0.01
7	53	-0.15
7	54	-0.2
7	55	-0.07
7	56	-0.15
7	57	-0.05
7	58	0
7	59	-0.07
7	60	0
7	61	0.16
7	62	0.28
7	63	0.03
7	64	0.1
7	65	0.31
7	66	0.14
7	67	-0.07
7	68	-0.03
7	69	-0.06
7	70	-0.09
7	71	-0.09
7	72	0.11
7	73	0.07
7	74	0.11
7	75	-0.13
7	76	-0.11
7	77	-0.12
7	78	0.1
7	79	0.09
7	80	0.08
7	81	0.06
7	82	0.07
7	83	0.12
7	84	0.13
7	85	-0.08
7	86	-0.07
7	87	0.1
7	88	0
7	89	-0.02
7	90	0.1
7	91	0.02
7	92	-0.04
7	93	0.07
7	94	0.16
7	95	0.02
7	96	0.03
7	97	-0.08
7	98	0.19
7	99	0.07
7	100	0.19
7	101	0.23
7	102	0.24
7	103	0.16
7	104	0.3
7	105	0.15
7	106	0.1
7	107	0.17
7	108	0.43
7	109	0.36
7	110	0.32
7	111	0.38
7	112	0.41
7	113	0.11
7	114	0.27
7	115	0.31
7	116	0.41
7	117	0.33
7	118	0.5
7	119	0.74
7	120	0.4
7	121	0.39
7	122	0.6
7	123	0.63
7	124	0.6
7	125	0.47
7	126	0.66
7	127	0.62
7	128	0.56
7	129	0.59
7	130	0.66
7	131	0.73
7	132	0.65
7	133	0.69
7	134	0.65
7	135	0.71
7	136	0.84
7	137	0.91
7	138	0.9
7	139	0.82
7	140	0.92
7	141	0.91
7	142	0.92
8	1	-0.06
8	2	-0.05
8	3	-0.07
8	4	-0.11
8	5	-0.28
8	6	-0.28
8	7	-0.26
8	8	-0.31
8	9	-0.16
8	10	-0.14
8	11	-0.38
8	12	-0.21
8	13	-0.33
8	14	-0.31
8	15	-0.3
8	16	-0.24
8	17	-0.04
8	18	-0.08
8	19	-0.24
8	20	-0.1
8	21	-0.07
8	22	-0.18
8	23	-0.29
8	24	-0.45
8	25	-0.44
8	26	-0.19
8	27	-0.23
8	28	-0.32
8	29	-0.45
8	30	-0.32
8	31	-0.35
8	32	-0.44
8	33	-0.46
8	34	-0.29
8	35	-0.2
8	36	-0.12
8	37	-0.32
8	38	-0.17
8	39	-0.31
8	40	-0.3
8	41	-0.24
8	42	-0.22
8	43	-0.3
8	44	-0.33
8	45	-0.31
8	46	-0.15
8	47	-0.1
8	48	-0.15
8	49	-0.2
8	50	-0.24
8	51	-0.08
8	52	0.02
8	53	-0.19
8	54	-0.21
8	55	-0.04
8	56	-0.15
8	57	-0.08
8	58	0.08
8	59	-0.05
8	60	0.05
8	61	0.13
8	62	0.24
8	63	0
8	64	0.07
8	65	0.27
8	66	0.36
8	67	-0.11
8	68	-0.07
8	69	-0.05
8	70	-0.07
8	71	-0.13
8	72	0.12
8	73	0.07
8	74	0.11
8	75	-0.1
8	76	-0.02
8	77	-0.17
8	78	0.16
8	79	0.09
8	80	0.07
8	81	0.09
8	82	0.05
8	83	0.08
8	84	0.18
8	85	-0.16
8	86	-0.05
8	87	0.05
8	88	0.01
8	89	0.01
8	90	0.11
8	91	0.02
8	92	-0.04
8	93	0.1
8	94	0.12
8	95	0.04
8	96	-0.04
8	97	-0.05
8	98	0.15
8	99	0.01
8	100	0.24
8	101	0.21
8	102	0.24
8	103	0.14
8	104	0.36
8	105	0.19
8	106	0.16
8	107	0.2
8	108	0.4
8	109	0.34
8	110	0.32
8	111	0.39
8	112	0.37
8	113	0.11
8	114	0.22
8	115	0.3
8	116	0.5
8	117	0.34
8	118	0.55
8	119	0.7
8	120	0.36
8	121	0.46
8	122	0.61
8	123	0.56
8	124	0.66
8	125	0.52
8	126	0.63
8	127	0.65
8	128	0.56
8	129	0.56
8	130	0.72
8	131	0.69
8	132	0.65
8	133	0.7
8	134	0.68
8	135	0.82
8	136	0.91
8	137	0.97
8	138	0.92
8	139	0.79
8	140	0.92
8	141	0.93
8	142	0.89
9	1	-0.1
9	2	-0.16
9	3	-0.09
9	4	-0.17
9	5	-0.28
9	6	-0.26
9	7	-0.27
9	8	-0.22
9	9	-0.09
9	10	-0.22
9	11	-0.41
9	12	-0.15
9	13	-0.22
9	14	-0.23
9	15	-0.27
9	16	-0.17
9	17	-0.04
9	18	-0.05
9	19	-0.22
9	20	-0.04
9	21	-0.06
9	22	-0.25
9	23	-0.28
9	24	-0.46
9	25	-0.48
9	26	-0.21
9	27	-0.28
9	28	-0.35
9	29	-0.37
9	30	-0.34
9	31	-0.36
9	32	-0.39
9	33	-0.53
9	34	-0.33
9	35	-0.2
9	36	-0.17
9	37	-0.33
9	38	-0.11
9	39	-0.2
9	40	-0.24
9	41	-0.18
9	42	-0.14
9	43	-0.32
9	44	-0.29
9	45	-0.29
9	46	-0.13
9	47	-0.11
9	48	-0.07
9	49	-0.17
9	50	-0.22
9	51	-0.09
9	52	0.01
9	53	-0.08
9	54	-0.25
9	55	-0.12
9	56	-0.14
9	57	-0.07
9	58	0.15
9	59	0.02
9	60	0.01
9	61	0.2
9	62	0.14
9	63	0.05
9	64	0.1
9	65	0.37
9	66	0.27
9	67	-0.02
9	68	-0.11
9	69	-0.1
9	70	-0.11
9	71	-0.08
9	72	0.17
9	73	0.11
9	74	0.1
9	75	-0.05
9	76	-0.08
9	77	-0.21
9	78	0.13
9	79	0.05
9	80	0.11
9	81	0.11
9	82	0.04
9	83	0.1
9	84	0.18
9	85	-0.19
9	86	-0.03
9	87	0.02
9	88	-0.03
9	89	0
9	90	0.09
9	91	0.04
9	92	-0.04
9	93	0.03
9	94	0.1
9	95	-0.01
9	96	0.04
9	97	-0.02
9	98	0.19
9	99	0.09
9	100	0.25
9	101	0.2
9	102	0.18
9	103	0.24
9	104	0.34
9	105	0.18
9	106	0.14
9	107	0.17
9	108	0.45
9	109	0.34
9	110	0.3
9	111	0.33
9	112	0.35
9	113	0.05
9	114	0.18
9	115	0.33
9	116	0.4
9	117	0.25
9	118	0.61
9	119	0.52
9	120	0.38
9	121	0.42
9	122	0.54
9	123	0.58
9	124	0.65
9	125	0.55
9	126	0.68
9	127	0.64
9	128	0.58
9	129	0.55
9	130	0.72
9	131	0.62
9	132	0.59
9	133	0.74
9	134	0.68
9	135	0.79
9	136	0.94
9	137	0.94
9	138	0.86
9	139	0.82
9	140	0.94
9	141	0.94
9	142	0.88
10	1	-0.23
10	2	-0.28
10	3	-0.22
10	4	-0.22
10	5	-0.27
10	6	-0.19
10	7	-0.31
10	8	-0.32
10	9	0.04
10	10	-0.24
10	11	-0.35
10	12	-0.28
10	13	-0.27
10	14	-0.24
10	15	-0.29
10	16	-0.11
10	17	0.02
10	18	-0.18
10	19	-0.38
10	20	-0.09
10	21	0.08
10	22	-0.32
10	23	-0.31
10	24	-0.51
10	25	-0.42
10	26	-0.25
10	27	-0.28
10	28	-0.29
10	29	-0.5
10	30	-0.36
10	31	-0.43
10	32	-0.31
10	33	-0.54
10	34	-0.31
10	35	-0.1
10	36	-0.23
10	37	-0.28
10	38	-0.33
10	39	-0.11
10	40	-0.24
10	41	-0.23
10	42	-0.06
10	43	-0.28
10	44	-0.19
10	45	-0.31
10	46	-0.16
10	47	-0.07
10	48	0.01
10	49	-0.16
10	50	-0.14
10	51	-0.02
10	52	0.04
10	53	-0.09
10	54	-0.2
10	55	-0.03
10	56	-0.03
10	57	-0.01
10	58	0.1
10	59	0.08
10	60	0
10	61	0.16
10	62	0.43
10	63	0.07
10	64	0.26
10	65	0.32
10	66	0.28
10	67	0
10	68	0.06
10	69	-0.06
10	70	-0.07
10	71	-0.16
10	72	0.13
10	73	0.01
10	74	0.12
10	75	-0.05
10	76	-0.12
10	77	-0.19
10	78	0.03
10	79	0.07
10	80	0
10	81	0.06
10	82	-0.02
10	83	0.12
10	84	0.22
10	85	-0.25
10	86	0.02
10	87	-0.07
10	88	0.15
10	89	0.05
10	90	0.09
10	91	-0.02
10	92	-0.08
10	93	0.09
10	94	0.07
10	95	-0.07
10	96	-0.12
10	97	-0.19
10	98	0.12
10	99	0.07
10	100	0.29
10	101	0.18
10	102	0.18
10	103	0.18
10	104	0.24
10	105	0.14
10	106	0.14
10	107	0.22
10	108	0.35
10	109	0.31
10	110	0.29
10	111	0.43
10	112	0.29
10	113	0.05
10	114	0.22
10	115	0.42
10	116	0.44
10	117	0.21
10	118	0.64
10	119	0.48
10	120	0.34
10	121	0.31
10	122	0.51
10	123	0.49
10	124	0.74
10	125	0.6
10	126	0.68
10	127	0.67
10	128	0.55
10	129	0.67
10	130	0.64
10	131	0.62
10	132	0.61
10	133	0.7
10	134	0.66
10	135	0.75
10	136	1.03
10	137	0.79
10	138	0.81
10	139	0.92
10	140	0.94
10	141	0.82
10	142	0.88
11	1	-0.23
11	2	-0.26
11	3	-0.14
11	4	-0.24
11	5	-0.34
11	6	-0.14
11	7	-0.28
11	8	-0.18
11	9	-0.03
11	10	-0.28
11	11	-0.44
11	12	-0.39
11	13	-0.47
11	14	-0.18
11	15	-0.34
11	16	-0.17
11	17	-0.15
11	18	-0.24
11	19	-0.31
11	20	0.11
11	21	-0.13
11	22	-0.2
11	23	-0.35
11	24	-0.48
11	25	-0.15
11	26	-0.07
11	27	-0.34
11	28	-0.48
11	29	-0.5
11	30	-0.28
11	31	-0.48
11	32	-0.24
11	33	-0.42
11	34	-0.16
11	35	-0.09
11	36	-0.03
11	37	-0.44
11	38	-0.22
11	39	-0.12
11	40	-0.4
11	41	-0.23
11	42	-0.17
11	43	-0.15
11	44	-0.02
11	45	-0.29
11	46	0.05
11	47	-0.07
11	48	-0.04
11	49	-0.09
11	50	-0.11
11	51	0.16
11	52	-0.12
11	53	-0.21
11	54	-0.25
11	55	0.03
11	56	-0.26
11	57	-0.01
11	58	0.08
11	59	0.02
11	60	0.09
11	61	0.21
11	62	0.32
11	63	0.09
11	64	0.2
11	65	0.13
11	66	0.19
11	67	-0.03
11	68	0
11	69	-0.07
11	70	-0.08
11	71	-0.34
11	72	0.02
11	73	-0.15
11	74	-0.02
11	75	0.05
11	76	-0.23
11	77	-0.16
11	78	0.11
11	79	0.07
11	80	-0.06
11	81	-0.04
11	82	0.04
11	83	0.09
11	84	0.21
11	85	-0.21
11	86	-0.07
11	87	-0.03
11	88	-0.01
11	89	0.01
11	90	0.2
11	91	0.04
11	92	0.02
11	93	0.08
11	94	0.03
11	95	-0.07
11	96	-0.16
11	97	-0.03
11	98	0.25
11	99	0.2
11	100	0.29
11	101	0.31
11	102	0.27
11	103	0.15
11	104	0.44
11	105	0.06
11	106	0.13
11	107	0.16
11	108	0.35
11	109	0.2
11	110	0.23
11	111	0.47
11	112	0.3
11	113	0.04
11	114	0.07
11	115	0.45
11	116	0.45
11	117	0.29
11	118	0.58
11	119	0.42
11	120	0.35
11	121	0.26
11	122	0.71
11	123	0.59
11	124	0.57
11	125	0.75
11	126	0.72
11	127	0.64
11	128	0.52
11	129	0.66
11	130	0.7
11	131	0.74
11	132	0.49
11	133	0.7
11	134	0.81
11	135	0.64
11	136	1
11	137	0.78
11	138	0.8
11	139	0.78
11	140	0.91
11	141	0.95
11	142	0.9
12	1	-0.09
12	2	-0.03
12	3	-0.16
12	4	-0.13
12	5	-0.24
12	6	0.02
12	7	-0.17
12	8	-0.16
12	9	0.08
12	10	-0.14
12	11	-0.28
12	12	-0.06
12	13	-0.44
12	14	-0.25
12	15	-0.25
12	16	-0.12
12	17	0.07
12	18	-0.23
12	19	-0.1
12	20	-0.18
12	21	0.02
12	22	-0.27
12	23	-0.37
12	24	-0.47
12	25	-0.29
12	26	-0.08
12	27	-0.15
12	28	-0.42
12	29	-0.41
12	30	-0.42
12	31	-0.57
12	32	-0.2
12	33	-0.4
12	34	-0.04
12	35	-0.09
12	36	-0.11
12	37	-0.63
12	38	-0.54
12	39	-0.34
12	40	-0.4
12	41	-0.43
12	42	-0.1
12	43	-0.2
12	44	-0.01
12	45	-0.41
12	46	0.12
12	47	-0.21
12	48	-0.28
12	49	-0.18
12	50	-0.53
12	51	0.01
12	52	-0.08
12	53	-0.22
12	54	-0.4
12	55	-0.02
12	56	-0.15
12	57	0
12	58	-0.07
12	59	-0.2
12	60	0.5
12	61	0.35
12	62	0.26
12	63	0.11
12	64	0.3
12	65	0.12
12	66	-0.01
12	67	-0.29
12	68	-0.13
12	69	-0.11
12	70	-0.18
12	71	-0.16
12	72	0.22
12	73	0.02
12	74	0.09
12	75	-0.18
12	76	-0.26
12	77	-0.12
12	78	0.21
12	79	0.15
12	80	0.01
12	81	0.27
12	82	-0.01
12	83	0.11
12	84	0.09
12	85	-0.25
12	86	-0.01
12	87	-0.08
12	88	-0.03
12	89	-0.03
12	90	0.28
12	91	-0.08
12	92	-0.05
12	93	0.26
12	94	0.03
12	95	-0.1
12	96	-0.1
12	97	0.1
12	98	0.11
12	99	0.14
12	100	0.52
12	101	0.27
12	102	0.48
12	103	0.43
12	104	0.28
12	105	-0.08
12	106	0.22
12	107	0.22
12	108	0.53
12	109	0.34
12	110	0.4
12	111	0.42
12	112	0.28
12	113	0.25
12	114	0.27
12	115	0.42
12	116	0.33
12	117	0.38
12	118	0.63
12	119	0.59
12	120	0.53
12	121	0.32
12	122	0.57
12	123	0.49
12	124	0.76
12	125	0.5
12	126	0.63
12	127	0.79
12	128	0.47
12	129	0.54
12	130	0.65
12	131	0.46
12	132	0.55
12	133	0.47
12	134	0.67
12	135	0.81
12	136	1.15
12	137	0.82
12	138	0.87
12	139	0.88
12	140	1.04
12	141	0.77
12	142	0.83
